0001h ,,GEE 
00A1h ,,Creative Lighting And Sound Systems Pty Ltd. 
0101h ,,St. Anne Engineering GmbH 
0102h ,,Bortis Elektronik 
016Ch ,,LGR 
0204h ,,LIGHTLINE Lasertechnik GmbH 
0242h ,,ABLELITE INTERNATIONAL 
025Bh ,,Imlight-Showtechnic 
026Fh ,,Acuity Brands Lighting Inc. 
02A0h ,,LLC Likhoslavl Plant of Lighting Engineering (Svetotehnika) 
02A1h ,,LLC Moscow Experimental Lighting Plant (TeleMechanic) 
02A2h ,,OJSC Kadoshkinsky electrotechnical  
02AAh ,,"Jinnax Opto Technology Co., Ltd.  "
02BDh ,,RE-Engineering 
02C8h ,,Growflux LLC 
02CAh ,,Acclaim Lighting 
02CBh ,,"GVA Lighting, Inc. "
02D0h ,,Winona Lighting 
02E1h ,,Tait Towers Manufacturing Inc. 
02ECh ,,Lutron Electronics 
0303h ,,"Shanghai Moons' Automation Control Co., Ltd "
0306h ,,feno GmbH 
0308h ,,ImageCue LLC  
030Fh ,,"Guangzhou Litewise Lighting Equipments Co., Ltd. dba ""EK Lights"" "
032Ch ,,Carallon Ltd. 
033Ah ,,Lux Lumen 
034Bh ,,Rosstech Signals Inc. 
038Fh ,,Strich Labs 
0391h ,,Alcorn McBride Inc. 
0393h ,,i2Systems 
0394h ,,Prism Projection 
039Bh ,,Lightforce Lasertechnik 
03D5h ,,eX Systems 
0424h ,,FLUX ECLAIRAGE 
0440h ,,"Guangzhou VAS Lighting Co., Ltd. "
044Eh ,,Birdbrain Labs LLC 
0455h ,,Lamp & Pencil 
048Eh ,,Krisledz Pte. Ltd. 
048Fh ,,"Grand Canyon LED Lighting System (Suzhou) Co., Ltd.  "
04A6h ,,MEB Veranstaltungstechnik GmbH 
04A9h ,,Edward J. Keefe Jr. 
04B8h ,,"Guangzhou Hongcai Stage Equipment Co., Ltd. "
04C4h ,,"Ephesus Lighting, Inc. "
04D7h ,,Targetti Sankey Spa 
04DDh ,,"Topstriving Photoelectricity Technology Co., Ltd. "
04FCh ,,Syncrolite LLC 
050Ah ,,ChamSys Ltd. 
051Ch ,,"Ambitsel, Inc. "
0529h ,,OSRAM 
0537h ,,TERMINAL-COM 
0540h ,,"EverBrighten Co., Ltd. "
055Fh ,,PRO-SOLUTIONS 
056Bh ,,COSMOLIGHT SRL 
056Ch ,,Lumascape Lighting Industries 
0573h ,,"JIAXING XINHUALI LIGHTING & SOUNDING CO., LTD. "
0580h ,,Innovation LED Limited 
05ABh ,,"Shenzhen Lesan Lighting Co., Ltd.  "
05B5h ,,Turkowski GmbH  
05CFh ,,"Brighten Technology Development Co., Ltd. "
05D3h ,,D-LED Illumination Technologies Ltd. 
05EFh ,,"Guangzhou Chai Yi Light Co., Ltd. "
0609h ,,Diginet Control Systems Pty Ltd 
060Bh ,,"Lighting Science Group (formerly LED Effects, Inc.) "
062Bh ,,"CKC Lighting Co., Ltd. "
063Ah ,,AVM Belgium BVBA 
0650h ,,"RDC, Inc. d.b.a. LynTec "
065Eh ,,OFilms 
0682h ,,"Beijing Ming Rui Lighting Technology Co., Ltd.  "
0684h ,,LEDART LLC 
0685h ,,IBL/ESD-Datentechnik GmbH 
06A0h ,,Light.Audio.Design 
06C4h ,,RHENAC Systems GmbH 
06C7h ,,L&L Luce&Light 
06CEh ,,American-Pro International 
06E6h ,,Equipson S.A. 
06ECh ,,SISTEMA Jsc 
06F0h ,,CTG sp. z o.o. 
0702h ,,Drinelec 
0707h ,,Conceptinetics Technologies and Consultancy Ltd. 
070Fh ,,Theatrelight New Zealand 
0710h ,,D.T.S. Illuminazione srl 
0712h ,,Laser Imagineering GmbH 
072Ch ,,SGM A/S 
072Fh ,,RayComposer - R. Adams 
0732h ,,Galaxia Electronics 
0734h ,,CPOINT 
073Bh ,,Corsair Technology Ltd. 
074Fh ,,Panasonic Corporation 
075Fh ,,LEDEngin Inc. 
0776h ,,lumenetix 
078Ah ,DMXTOOLBOX ,FATEC sarl 
0792h ,,MY-Semi Inc. 
07ADh ,,CLS LED BV 
07AEh ,,A-LITE B.V. 
07B0h ,,ADDiCTiON BoX GbR 
07CCh ,,Griven S.r.l. 
07FDh ,,THELIGHT Luminary for Cine and TV S.L. 
0807h ,,"Event Lighting Pty, Ltd. "
0808h ,,Zero 88 
080Fh ,,Navo Corp. 
0851h ,,Junction Inc. Ltd 
0858h ,,Juno Lighting Group  
0869h ,,Club Cannon LLC 
0875h ,,ARC Solid-State Lighting Corp. 
0878h ,,OTTEC Technology GmbH 
0885h ,,SIRS-E 
088Ah ,,Highendled Electronics Company Limited 
089Ah ,,ADL Electronics Ltd. 
08A4h ,,Adam Hall GmbH 
08AAh ,,PiXL Factory 
08ACh ,,Bushveld Labs 
08AFh ,,AAdyn Technology 
08B0h ,,KIM Lighting 
08B2h ,,MCI Group 
08B3h ,,Stealth Light srl 
08BDh ,,Lug Light Factory Sp. z o. o. 
08C5h ,,Ehrgeiz 
08D3h ,,SVI Public Company Limited  
08D4h ,,Sensa-Lite Ltd. 
08D7h ,,"PatternAgents, LLC "
08D8h ,,W.A. Benjamin Electric Co. 
08D9h ,,STILED 
08E0h ,,Red Arrow Controls 
08EDh ,,ShowLED 
08F1h ,,"SanDevices, LLC "
08F6h ,,"Eulum Design, LLC "
08F9h ,,ACS - Ackerman Computer Sciences 
08FAh ,,"Phaton Lighting Co., Ltd. "
0901h ,CaveLighting ,GermTec GmbH & Co. KG 
0904h ,,"Bigbear Co., Ltd. "
090Ch ,,GRE Alpha 
0914h ,,Xenio 
0916h ,,"ACTOR-MATE CO., LTD. "
0918h ,,David O Smith Design 
091Bh ,,Krislite Pte. Ltd. 
0936h ,,AquaTronic 
093Ah ,,HDT impex s.r.o. 
0940h ,,"Shenzhen CreateLED Electronics Co., Ltd "
0946h ,,TBE Srl 
0951h ,,"Guangzhou GTD Lighting Technology Co., Ltd  "
0958h ,VDI ,"Illum Technology LLC (previously Verde Designs, Inc.) "
095Ah ,,kLabs Research UK 
095Fh ,ElabNET ,Elaborated Networks GmbH 
0960h ,,Fineline Solutions Ltd. 
0965h ,,Fontana Fountains 
0974h ,,"Marumo Electric Co., Ltd. "
0975h ,,KB Design 
097Ah ,,Teamboyce Limited 
097Dh ,,Brink Electronics 
097Fh ,,RaumZeitLabor e.V. 
0980h ,,Moog Animatics 
0981h ,,"Luxam, Ltd. "
0982h ,,AC Entertainment Products Ltd. 
0986h ,,ROE Visual Co. Ltd. 
0987h ,,mathertel.de 
098Bh ,,"Glow Motion Technologies, LLC. "
098Ch ,,"Shenzhen Longrich Energy Sources Technology Co., Ltd.  "
098Eh ,,Ecosense Lighting Company Limited  
098Fh ,,Digital Sputnik Lighting 
0996h ,,"CCI Power Supplies, LLC "
099Ah ,,Aixz International (S) 
099Eh ,,LLC Lighting Technologies production 
09A0h ,Rnet ,Rnet Lighting Technology Limited 
09A2h ,,Fountain People 
09A5h ,,Prolight Concepts Ltd. 
09AEh ,,Robert Juliat 
09AFh ,,Autotech Co. 
09B3h ,,Aquatique Show Int. 
09B4h ,,Brompton Technology Ltd. 
09B8h ,,Prolites S.A.L. 
09C1h ,,Argetron Elektrik Elektronik Organizasyon Gida San. ve Dis Tic. Ltd. Sti. 
09C3h ,,Velleman nv 
09C8h ,,Crystal Fountains Inc. 
09CCh ,,Motomuto Aps 
09D3h ,,WLPS Wodielite Production Services 
09D6h ,,Mittomakers 
09D7h ,,Unilumin Group 
09E9h ,,Starway 
09FCh ,,deskontrol electronics 
1234h ,,ESTA 
12DAh ,,Newlab S.r.l. 
12E0h ,,Luxlight Skandinavien AB 
12EAh ,,Kolberg Percussion GmbH 
12F4h ,,Stage Services Ltd. 
12FAh ,,Hollywood Rentals LLC 
12FEh ,,City Design S.p.A. 
131Eh ,,Blossom Communications Corp. 
1337h ,,"Raven Systems Design, Inc. "
134Dh ,,VT-Control 
1370h ,,Ingenieurbuero Stahlkopf 
13AEh ,,Smartpark Creative Solutions 
1460h ,,SEIKO Epson Corporation 
1464h ,,HUMAL Elektroonika OU 
1490h ,,Grid Show Systems Inc. 
14A0h ,,"Intense Lighting, LLC "
14ACh ,,Zaklad Elektroniczny AGAT s.c. 
1506h ,,"v2 Lighting Group, Inc. "
150Ch ,,ACASS SYSTEMS LLC 
152Ah ,,SHOWTACLE Ltd. 
154Eh ,,Fire & Magic 
15A0h ,MCSWE ,"GuangZhou MCSWE Technologies, INC  "
15A2h ,,FEIMEX 
15D0h ,,Music & Lights S.r.l. 
161Ah ,,techKnow Design Ltd. 
1626h ,,LEDsistem Teknolojileri Tic. Ltd. Sti. 
162Ah ,,Nerd's Meter 
1690h ,,awaptec GmbH 
16AEh ,,Electrone Americas Ltd. Co. 
16DCh ,,Traxon Technologies Ltd.  
16E4h ,,"Aboutshow Color Light Co., LTD "
16FAh ,,"Lite Puter Enterprise Co., Ltd. "
170Eh ,SERVA ,Serva Transport Systems GmbH 
174Eh ,,Nordgas SNe-lightingsystem 
1750h ,YUESHENG ,Yuesheng International Limited 
1888h ,,"GUANZHOU KAVON STAGE EQUIPMENT CO., LTD. "
18A6h ,,Steadfast Technology 
1938h ,,Solid State Luminaires 
1998h ,,PLS Electronics Ltd. 
19B9h ,,Duralamp S.p.A. 
1A0Dh ,,Cineo Lighting 
1A16h ,,WADAK GmbH 
1A3Dh ,,Red Lighting s.r.l. 
1AFAh ,,TMB 
1BB1h ,,PH Lightning AB 
1BC0h ,,ALS Stanislaw Binkiewicz 
1BC6h ,,Studio S Music City 
1C80h ,Vehtec ,Vehtec Tecnologia Ltda 
1E8Dh ,,Moda Light 
1ECFh ,,Masiero s.r.l. 
1ED8h ,,Antari Lighting And Effects Ltd. 
2011h ,,Gantom Lighting & Controls 
207Fh ,,Padura Elektronik GmbH 
20A6h ,,ALADIN Architekturlicht GmbH 
20ADh ,,AZ e-lite Pte Ltd 
20B6h ,,Alkalite LED Technology Corp 
20B9h ,,ARRI -- Arnold & Richter Cine Technik GmbH & Co. Betriebs KG 
20BAh ,,AusChristmasLighting 
2121h ,,"Brother,Brother & Sons Aps "
2122h ,,BEGLEC NV 
2130h ,,Bart van Stiphout Electronics & Software 
21A1h ,,Culture Crew bvba 
21A4h ,,CHAUVET Lighting 
21A9h ,,CaptSystemes 
21B3h ,,Coolon Pty Ltd 
21B4h ,,CHROMLECH 
21B5h ,,ChromaCove LLC 
2216h ,,"D-Light Designs, LLC "
2222h ,,D.E.F. Srl 
2224h ,,DAS Integrator Pte Ltd 
2239h ,,Dream Solutions Ltd. 
22A0h ,,EAS SYSTEMS 
22A6h ,,Elation Lighting 
22A9h ,,Engineering Solutions Inc. 
22AAh ,,EUTRAC - Intelligent Lighting GmbH 
22ABh ,,EVC 
22B9h ,,Etherlight 
2337h ,,Focon Showtechnic 
23B2h ,,Gekko Technology Ltd. 
2421h ,,HB-Laserkomponenten GmbH 
242Ah ,,Hungaroflash 
2432h ,,Helvar Ltd 
2470h ,,Hale Microsystems LLC 
24A3h ,,Lighting Innovation Group AG 
24AAh ,,IT Ihme 
2621h ,,LEADER LIGHT s.r.o. 
2622h ,,LDDE Vertriebs Gmbh 
2623h ,,Leonh Hardware Enterprise Inc. 
2624h ,,Lisys Fenyrendszer Zrt. 
2626h ,,LLT Lichttechnik GmbH&CO.KG 
2630h ,,Laservision Pty Ltd 
2632h ,,Lehigh Electric Products 
2635h ,,LjusDesign AB 
2636h ,,Lumonic Limited 
2637h ,,Loxone Electronics GmbH 
263Ah ,,Lumenec Pty. Ltd. 
263Ch ,,I-Pix Digital Light Ltd. 
26A2h ,,MEGATECHNICS Ltd. 
26B4h ,,Milford Instruments Ltd. 
2724h ,,Nila Inc. 
2734h ,,Nixer Ltd. 
27A8h ,,Callegenix LLC 
2821h ,,Pioneer Corporation 
2826h ,,Peter Maes Technology 
2827h  ,,Peternet Electronics BVBA  
2829h ,,PR-Electronic 
2836h ,,Planungsbuero 
2927h ,,ROAL Electronics SpA 
2984h ,,Getlux Ltd. 
2999h ,,"ALL-DO INTERNATIONAL CO., LTD. "
29A1h ,,Sturdy Corporation 
29A9h ,,SRS Light Design 
29AAh ,,Steinigke Showtechnic GmbH 
29B2h ,,Selectron Bvba 
29B4h ,,Showtec (Highlite International B.V.) 
29B7h ,,"Sundrax, LLC "
29B8h ,,Spotlight s.r.l. 
29BAh ,,State Automation Pty Ltd. 
29E8h ,,Stroytsirk LLC 
2A25h ,,Thorn Lighting Limited 
2A26h ,,Toni Maroni Gmb 
2AABh ,,Urban Visuals & Effects Ltd. 
2B28h ,,Visual Productions 
2BA2h ,,WERPAX bvba 
2BA9h ,,"The White Rabbit Company, Inc. "
2BB4h ,,Williams Electronic Design Ltd. 
2C1Ah ,,DMX4ALL GmbH 
2C2Ah ,,XTBA 
2CE0h ,,Lighting Services Inc. 
2DC8h ,,Stellascapes 
3235h ,,de koster Special Effects 
3388h ,,Macostar International Ltd. 
3434h ,,"Global Design Solutions, Ltd. "
361Dh ,,Lumishore Ltd. UK 
3638h ,,Lumenpulse Lighting Inc. 
37D7h ,,Lichttechnik & Sonderbau 
3805h ,,"Yifeng Lighting Co., Ltd. "
3806h ,,ACME EFFECTS LTD. 
3868h ,,"LanBolight Technology Co., LTD. "
3888h ,,"Fly Dragon Lighting Equipment Co.,ltd "
388Ah ,,Guangzhou Yajiang (Yagang - Silver Star) Photoelectric Equipment Ltd. 
3A37h ,,TheOlymp - Networking & InterNet Services 
3AFCh ,,Black Tank Engineering 
3B10 ,,NXP Semiconductors B.V. 
3B88h ,,"Shenzhen Eastar Electronic Co., Ltd. "
3D30h ,,zactrack Lighting Technologies Gmbh 
4051h ,,"SAN JACK ANALOG HOUSE CO., LTD. "
4131h ,,Altman Stage Lighting 
4141h ,,"AVAB America, Inc. "
4143h ,,AC Lasers 
4144h ,,ADB - TTV Technologies nv 
4145h ,,ADE ELETTRONICA srl  
4149h ,,"Anidea Engineering, Inc. "
414Ch ,,Artistic Licence Engineering Ltd. 
414Dh ,,Amptown Lichttechnik GmbH 
414Eh ,,Anytronics Ltd. 
4150h ,,Apogee Lighting 
4151h ,,"Aquarii, Inc. "
4153h ,,Audio Scene 
4154h ,,Arnold Tang Productions 
4156h ,,Audio Visual Devices P/L 
4164h ,,Adelto Limited 
416Ch ,,Alenco BV 
4172h ,,ARNOLD LICHTTECHNIK 
4173h ,,Astera LED Technology GmbH 
4179h ,,AYRTON 
4241h ,,BECKHOFF Automation GmbH 
4243h ,,Bill Coghill Company : Bill Coghill Design 
4245h ,,Bytecraft Entertainment Pty Ltd 
424Fh ,,BOTEX 
4253h ,,Barco 
42A2h ,,"Birket Engineering, Inc. "
4344h ,,CDCA Ltd. 
4347h ,,CAST Software 
4349h ,,C.I.Tronics Lighting Designers Ltda 
434Bh ,,Color Kinetics Inc. 
434Dh ,,Coemar Spa 
4350h ,,CLAY PAKY S.p.A 
4353h ,,Capricorn Software 
4354h ,,"City Theatrical, Inc. "
4358h ,,Connex GmbH 
4369h ,,Cinetix Medien u. Interface GmbH 
436Fh ,,CODEM MUSIC S.r.l. 
4441h ,,DIGITAL ART SYSTEM 
4442h ,,ELETTROLAB S.r.l. 
4443h ,,Claudio Dal Cero Engineering 
4444h ,,D.O.M. Datenverarbeitung GmbH 
4445h ,,Dezelectric Kft. 
4446h ,,"Doug Fleenor Design, Inc. "
4449h ,,"Durand Interstellar, Inc. "
444Ch ,,"Dove Lighting Systems, Inc. "
444Dh ,,Digimedia Multimedia Lighting Solutions 
444Eh ,,DALCNET SRL 
4450h ,,DMXPROFI.EU GmbH i.G. 
4456h ,,Devantech Ltd. 
4466h ,,DF elettronica s.r.l. 
4469h ,,Diamante Lighting Srl 
453Ah ,,E:cue Control GmbH 
4541h ,ENGARTS ,Engineering Arts 
4543h ,,EC Elettronica Srl 
4544h ,,Electronics Diversified LLC 
454Ch ,,Ingenieurbuero fuer Nachrichtentechnik in der Studio und Veranstaltungstechnik 
454Dh ,,"ELM Video Technology, Inc. "
454Eh ,,ENTTEC Pty Ltd 
4552h ,,EREA 
4553h ,,ERAL srl 
4554h ,,Entertainment Technology 
4563h ,,Les Éclairages Lou Inc. 
456Ch ,,Element Labs Inc. 
4631h ,,OKEROAB AB 
464Ch ,,Flashlight/Ampco Holding 
4656h ,,Flexvisual 
4658h ,,MagicFX B.V. 
4678h ,,Global Special Effects 
4744h ,,Goddard Design Co. 
4745h ,,GPE srl 
474Ch ,,G-LEC Europe GmbH 
4750h ,,DES 
4753h ,,Golden Sea Disco Light Manufacturer 
476Ch ,,General Luminaire (Shanghai) Ltd. 
4843h ,,Horizon Control Inc. 
4844h ,,HxDx 
4845h ,,Howard Eaton Lighting Ltd. 
484Ch ,,HBE Lighting Systems 
484Fh ,,Hollywood Controls Inc. 
4856h ,,Enfis Ltd 
4881h ,,Rena Electronica B.V. 
4941h ,,inoage GmbH 
4942h ,,IBEX UK Limited 
4944h ,,Ingham Designs 
4945h ,,Insta Elektro GmbH 
4947h ,,IGuzzini illuminazione spa 
4948h ,,Ice House Productions 
494Ch ,,I-Lum 
494Eh ,,"Interactive Technologies, Inc. "
4950h ,,"Interesting Products, Inc. "
4952h ,,Invisible Rival Incorporated 
4953h ,,Integrated System Technologies Ltd. 
4954h ,,"Integrated Theatre, Inc. "
4973h ,,Innovation Solutions Ltd. 
4A31h ,,Joshua 1 Systems Inc. 
4A41h ,,JANUS srl 
4A42h ,,JB-lighting GmbH 
4A48h ,,James Harris 
4A4Ch ,,Johnsson Lighting Technologies AB 
4A53h ,,JSC 'MFG' 
4A54h ,,James Thomas Engineering 
4A61h ,,Jands Pty Ltd. 
4ACCh ,,RVL techniek 
4B42h ,,KissBox 
4B46h ,,"Kino Flo, Inc. "
4B4Ch ,,KLH Electronics PLC 
4B4Dh ,,KMX Inc. 
4B55h ,,"kuwatec, Inc. "
4C20h ,,LAM32 srl 
4C41h ,,LaserAnimation Sollinger GmbH 
4C45h ,,"Leviton Manufacturing Co., Inc. "
4C47h ,,LightGeist Ltd. 
4C4Ch ,,LUMINEX Lighting Control Equipment bvba 
4C4Dh ,,Ultratec Special Effects 
4C50h ,,LightProcessor Ltd 
4C52h ,,High End Systems Inc. 
4C53h ,,"Licht-, Steuer- und Schaltanlagenbau GmbH (LSS GmbH) "
4C54h ,,Licht-Technik 
4C55h ,,LumenRadio AB 
4C56h ,,LEDValley Technologies Sdn Bhd 
4C57h ,,LightWild LC 
4C58h ,,Lex Products Corp. 
4C59h ,,Laser Technology Ltd. 
4C5Ah ,,"LightMinded Industries, Inc. "
4C5Ah ,,Sumolight GmbH 
4C5Bh ,,"LightLife, Gesellschaft für audiovisuelle Erlebnisse mbH "
4C64h ,,LED Team 
4C65h ,,Legargeant and Associates 
4C69h ,,LIGHTOLIER 
4C6Ch ,,Lampo Lighting Designers 
4C73h ,,LSC Lighting Systems (Aust) Pty. Ltd. 
4CDCh ,,acdc LED Ltd. 
4CE5h ,,LED Company s.r.o. 
4D41h ,,MA Lighting Technology GmbH 
4D42h ,,LAN Systems--Midibox project 
4D44h ,,Les Générateurs de brouillard MDG Fog Generators Ltd. 
4D4Ch ,,Mode Lighting (UK) Ltd. 
4D50h ,,Martin Professional A/S 
4D54h ,,medien technik cords 
4D56h ,,Avolites Ltd. 
4D58h ,,MX design 
4D61h ,,MARTINI S.p.A. 
4D77h ,,Müller Elektronik 
4E41h ,,Company NA 
4E4Ah ,,NJD Electronics 
4E4Ch ,,NOVALIGHT S.r.l. 
4E57h ,,AIM Northwest 
4E69h ,,Niko 
4F41h ,,Oase GmbH 
4F4Ch ,,DDS Elettronica 
4F75h ,,Outsight Pty Ltd. 
5041h ,,Philips Entertainment Lighting Asia 
5043h ,,Pathway Connectivity Inc. 
504Ch ,,Peperoni Lighting-Solutions 
504Dh ,,Peter Meyer Project Management Adviser GmbH 
5052h ,,Production Resource Group 
5053h ,,Philips Selecon 
5058h ,,PXM s.c. 
5062h ,,"LED, Inc. "
5065h ,,Peradise 
5066h ,,Pfannenberg GmbH 
5068h ,,Philips Lighting BV 
5075h ,,Pulsar Light of Cambridge Ltd. 
5099h ,,Altec Di Gregorio Andrea 
512Dh ,,DJPOWER ELECTRONIC STAGE LIGHTING FIXTURE FACTORY (GUANGZHOU) 
5149h ,,JAP Optoelectronic Ltd. 
514Dh ,,QMAXZ lighting 
5153h ,,"QuickSilver Controls, Inc. "
516Ch ,,Quicklights 
5244h ,,Revolution Display 
524Ch ,,Radical Lighting Ltd. 
524Dh ,,RUIZ TECH 
524Eh ,,RNC Systems Inc. 
5250h ,,RootPath Ltd. 
5252h ,,RoscoLab Ltd 
5253h ,,Robe Show Lighting s.r.o. 
5341h ,,Stage Technologies Limited 
5342h ,,Industrias Sola Basic S.A. de C.V. 
5343h ,,Ocean Thin Films Inc. 
5344h ,,Stardraw.com Ltd. 
5345h ,,Selador 
5346h ,,"Synthe FX, LLC "
5347h ,,SGM Technology For Lighting SPA 
5348h ,,Schréder 
5349h ,,Soundsculpture Incorporated 
534Ah ,,SAS Productions 
534Bh ,,SK-Software 
534Ch ,,SOUNDLIGHT 
534Eh ,,Sand Network Systems 
5353h ,,Sean Sill 
5354h ,,Stagetronics Ltda 
5356h ,,OOO SAMLIGHT 
5363h ,,SpaceCannon vH 
5368h ,,ShowCAD Control Systems Ltd. 
536Ch ,,StageLine Electronic 
5370h ,,Spectrum Manufacturing Inc. 
5374h ,,STG-Beikirch Industrieelektronik + Sicherheitstechnik GmbH & Co. KG 
5376h ,,SV-wtu eU 
5377h ,,SWISSON AG 
53A8h ,,Simon Tech 
5431h ,,AUTOLUX Handels- und ProduktionsgmbH 
5441h ,,TecArt  Lighting  
5444h ,,Technographic Displays Ltd. 
5445h ,,TESI Elettronica srl 
544Ch ,,Tempest Lighting Inc. 
5453h ,,"TalentStorm Enterprises, Inc. "
5454h ,,"TamaTech Labo Company Ltd, "
5550h ,,UP-LUX Eletronica Ltda. 
5555h ,,Martin Sukale Medientechnik GbR 
564Ch ,,"Vari-Lite, Inc. "
5651h ,,Vision Quest Lighting Inc. 
5653h ,,Viso Systems Aps 
5744h ,,W-DEV 
5746h ,,"Wildfire, Inc. "
5753h ,,Wireless Solution Sweden AB 
5759h ,,"Wybron, Inc. "
584Dh ,,Xtraordinary Musical Accolade Systems 
5865h ,,XENON ARCHITECTURAL LIGHTING 
586Dh ,,www.doityourselfchristmas.com hobbyists 
5888h ,,"Plsao Optoelectronics Technology Co., Ltd. "
5A53h ,,Zingerli Show Engineering 
5C40h ,,OXO 
5DACh ,,Mediatec Group 
614Ch ,,Alektra AB 
6154h ,,Advatek Lighting 
6164h ,,"Apollo Design Technology, Inc "
616Ch ,,Advanced Lighting Systems 
6364h ,,CDS advanced technology bv 
641Ah ,,Heliospectra AB 
6461h ,,Digilin Australia 
6464h ,,Dangeross Design 
646Ch ,,dilitronics GmbH 
646Fh ,,eldoLED BV 
64B9h ,FINELITE ,"Finelite, Inc. "
6542h ,,eBrain GmbH 
6547h ,,euroGenie 
656Ch ,,ELC lighting 
6573h ,,Environmental Lighting Solutions 
6574h ,,"Electronic Theatre Controls, Inc. "
6576h ,,eventa Aktiengesellschaft 
6644h ,,Sunlab Technologies S.L. 
6673h ,,Freescale Semiconductor U.K. Ltd. 
6756h ,,"Lumisia Co., Ltd. "
676Ch ,,GLP German Light Products GmbH 
67F0h ,,Toshiba Lighting & Technology Corporation 
6816h ,,"ChamberPlus Co., Ltd "
6864h ,,James Embedded Systems Engineering (JESE Ltd) 
6865h ,,"Hubbell Entertainment, Inc. "
686Ch ,,HERA LED 
694Ch ,,iLight Technologies Inc 
6974h ,,Ittermann electronic GmbH 
6A6Bh ,,JPK Systems Limited 
6B64h ,,Key Delfin 
6BEEh ,,Ephesus Lighting 
6C6Dh ,,Zumtobel Lighting GmbH 
6C78h ,,Claude Heintz Design 
6C92h ,,Ambra Elettronica s.r.l. 
6D61h ,,MAL Effekt-Technik GmbH 
6D62h ,,MBN GmbH 
6D63h ,,Sein & Schein GmbH 
6FEAh ,,Lumina Visual Productions 
7068h ,,Pharos Architectural Controls 
7072h ,,Pr-Lighting Ltd. 
7078h ,,PixelRange Inc. 
70F0h ,,"Pangolin Laser Systems, Inc.  "
7151h ,,"The Light Source, Inc. "
7363h ,,Sean Christopher FX 
7365h ,,Ballantyne Strong Inc. 
736Ch ,,Strand Lighting Ltd. 
7764h ,,WET 
7788h ,,DigitaLicht AG 
780Eh ,,Mole-Richardson Co. 
783Ah ,,Audiolux Devices LLC 
786Ch ,,XLN-t bvba 
78B4h ,,LED Flex Limited 
79BCh ,,DC Reactive 
7A70h ,,Open Lighting 
7AA0h ,,Anaren Inc. 
7B1Bh ,,DimLight Ltd. 
7D61h ,,HMB|TEC GmbH 
7DE8h ,,"Shenzhen LAMP Technology Co., Ltd. "
7EE7h ,,Arthur Digital Solutions Kft 
7FF0h ,,RESERVED FOR PROTOTYPING/EXPERIMENTAL USE ONLY 
7FF1h ,,RESERVED FOR PROTOTYPING/EXPERIMENTAL USE ONLY 
7FF2h ,,RESERVED FOR PROTOTYPING/EXPERIMENTAL USE ONLY 
7FF3h ,,RESERVED FOR PROTOTYPING/EXPERIMENTAL USE ONLY 
7FF4h ,,RESERVED FOR PROTOTYPING/EXPERIMENTAL USE ONLY 
7FF5h ,,RESERVED FOR PROTOTYPING/EXPERIMENTAL USE ONLY 
7FF6h ,,RESERVED FOR PROTOTYPING/EXPERIMENTAL USE ONLY 
7FF7h ,,RESERVED FOR PROTOTYPING/EXPERIMENTAL USE ONLY 
7FF8h ,,RESERVED FOR PROTOTYPING/EXPERIMENTAL USE ONLY 
7FF9h ,,RESERVED FOR PROTOTYPING/EXPERIMENTAL USE ONLY 
7FFAh ,,RESERVED FOR PROTOTYPING/EXPERIMENTAL USE ONLY 
7FFBh ,,RESERVED FOR PROTOTYPING/EXPERIMENTAL USE ONLY 
7FFCh ,,RESERVED FOR PROTOTYPING/EXPERIMENTAL USE ONLY 
7FFDh ,,RESERVED FOR PROTOTYPING/EXPERIMENTAL USE ONLY 
7FFEh ,,RESERVED FOR PROTOTYPING/EXPERIMENTAL USE ONLY 
7FFFh ,,RESERVED FOR PROTOTYPING/EXPERIMENTAL USE ONLY 
